{"stats":{"minecraft:used":{"minecraft:poppy":3},"minecraft:custom":{"minecraft:jump":41,"minecraft:time_since_rest":8711,"minecraft:damage_taken":10,"minecraft:walk_on_water_one_cm":224,"minecraft:play_time":8711,"minecraft:time_since_death":8711,"minecraft:walk_one_cm":19983,"minecraft:total_world_time":8711,"minecraft:walk_under_water_one_cm":972,"minecraft:fall_one_cm":544,"minecraft:fly_one_cm":161},"minecraft:picked_up":{"minecraft:poppy":3},"minecraft:mined":{"minecraft:grass":3,"minecraft:grass_block":1,"minecraft:poppy":3}},"DataVersion":2975}