{
  "minecraft:recipes/building_blocks/yellow_terracotta": {
    "criteria": {
      "has_terracotta": "2023-03-08 00:33:14 -0500"
    },
    "done": true
  },
  "owza_advancements:hello_doctor": {
    "criteria": {
      "activateAllie": "2022-11-10 16:51:55 -0500"
    },
    "done": true
  },
  "minecraft:recipes/building_blocks/black_stained_glass": {
    "criteria": {
      "has_glass": "2023-03-08 00:17:49 -0500"
    },
    "done": true
  },
  "minecraft:recipes/building_blocks/brick_stairs_from_bricks_stonecutting": {
    "criteria": {
      "has_bricks": "2023-03-08 00:33:12 -0500"
    },
    "done": true
  },
  "minecraft:recipes/building_blocks/quartz_pillar": {
    "criteria": {
      "has_quartz_block": "2022-11-03 23:38:00 -0400"
    },
    "done": true
  },
  "minecraft:recipes/building_blocks/deepslate_tile_slab_from_polished_deepslate_stonecutting": {
    "criteria": {
      "has_polished_deepslate": "2023-03-11 19:07:40 -0500"
    },
    "done": true
  },
  "minecraft:recipes/building_blocks/purple_terracotta": {
    "criteria": {
      "has_terracotta": "2023-03-08 00:33:14 -0500"
    },
    "done": true
  },
  "minecraft:recipes/building_blocks/magenta_concrete_powder": {
    "criteria": {
      "has_sand": "2022-11-03 22:54:36 -0400"
    },
    "done": true
  },
  "owza_advancements:mob_boss": {
    "criteria": {
      "oroBoss": "2022-11-10 16:51:55 -0500"
    },
    "done": true
  },
  "minecraft:recipes/misc/light_blue_dye_from_blue_orchid": {
    "criteria": {
      "has_blue_orchid": "2022-11-03 22:49:33 -0400"
    },
    "done": true
  },
  "minecraft:recipes/decorations/brick_wall": {
    "criteria": {
      "has_bricks": "2023-03-08 00:33:12 -0500"
    },
    "done": true
  },
  "minecraft:recipes/building_blocks/stone_bricks": {
    "criteria": {
      "has_stone": "2022-11-03 22:54:36 -0400"
    },
    "done": true
  },
  "owza_advancements:two_is_a_party": {
    "criteria": {
      "friend": "2022-11-10 16:57:36 -0500"
    },
    "done": true
  },
  "owza_advancements:reliving_the_past": {
    "criteria": {
      "ghostTrain": "2022-11-10 16:51:55 -0500"
    },
    "done": true
  },
  "minecraft:recipes/building_blocks/lime_concrete_powder": {
    "criteria": {
      "has_sand": "2022-11-03 22:54:36 -0400"
    },
    "done": true
  },
  "minecraft:recipes/building_blocks/chiseled_stone_bricks": {
    "criteria": {
      "has_tag": "2022-11-03 23:38:12 -0400"
    },
    "done": true
  },
  "owza_advancements:on_top_of_the_world": {
    "criteria": {
      "climb38": "2022-11-04 00:25:38 -0400"
    },
    "done": true
  },
  "minecraft:recipes/building_blocks/gray_stained_glass": {
    "criteria": {
      "has_glass": "2023-03-08 00:17:49 -0500"
    },
    "done": true
  },
  "minecraft:recipes/building_blocks/yellow_concrete_powder": {
    "criteria": {
      "has_sand": "2022-11-03 22:54:36 -0400"
    },
    "done": true
  },
  "minecraft:recipes/decorations/campfire": {
    "criteria": {
      "has_stick": "2023-01-26 02:21:26 -0500"
    },
    "done": true
  },
  "minecraft:recipes/redstone/redstone": {
    "criteria": {
      "has_redstone_block": "2023-03-08 00:23:14 -0500"
    },
    "done": true
  },
  "minecraft:recipes/building_blocks/purple_stained_glass": {
    "criteria": {
      "has_glass": "2023-03-08 00:17:49 -0500"
    },
    "done": true
  },
  "minecraft:recipes/decorations/deepslate_brick_wall_from_polished_deepslate_stonecutting": {
    "criteria": {
      "has_polished_deepslate": "2023-03-11 19:07:40 -0500"
    },
    "done": true
  },
  "minecraft:recipes/building_blocks/smooth_stone": {
    "criteria": {
      "has_stone": "2022-11-03 22:54:36 -0400"
    },
    "done": true
  },
  "minecraft:recipes/decorations/ladder": {
    "criteria": {
      "has_stick": "2023-01-26 02:21:26 -0500"
    },
    "done": true
  },
  "minecraft:recipes/decorations/chest": {
    "criteria": {
      "has_lots_of_items": "2022-11-03 22:49:33 -0400"
    },
    "done": true
  },
  "owza_advancements:drink_your_greens": {
    "criteria": {
      "smoothie": "2022-11-10 16:57:36 -0500"
    },
    "done": true
  },
  "minecraft:recipes/building_blocks/stone_slab_from_stone_stonecutting": {
    "criteria": {
      "has_stone": "2022-11-03 22:54:36 -0400"
    },
    "done": true
  },
  "minecraft:recipes/building_blocks/brown_concrete_powder": {
    "criteria": {
      "has_sand": "2022-11-03 22:54:36 -0400"
    },
    "done": true
  },
  "minecraft:recipes/building_blocks/chiseled_stone_bricks_stone_from_stonecutting": {
    "criteria": {
      "has_stone": "2022-11-03 22:54:36 -0400"
    },
    "done": true
  },
  "minecraft:recipes/tools/wooden_shovel": {
    "criteria": {
      "has_stick": "2023-01-26 02:21:26 -0500"
    },
    "done": true
  },
  "minecraft:recipes/combat/diamond_sword": {
    "criteria": {
      "has_diamond": "2022-11-12 22:09:22 -0500"
    },
    "done": true
  },
  "minecraft:recipes/building_blocks/blue_stained_glass": {
    "criteria": {
      "has_glass": "2023-03-08 00:17:49 -0500"
    },
    "done": true
  },
  "owza_advancements:chapter_zero": {
    "criteria": {
      "finishTutorial": "2022-11-10 16:57:36 -0500"
    },
    "done": true
  },
  "minecraft:recipes/redstone/redstone_lamp": {
    "criteria": {
      "has_glowstone": "2022-11-03 22:54:36 -0400"
    },
    "done": true
  },
  "minecraft:recipes/building_blocks/stone_brick_slab_from_stone_stonecutting": {
    "criteria": {
      "has_stone": "2022-11-03 22:54:36 -0400"
    },
    "done": true
  },
  "minecraft:recipes/transportation/spruce_boat": {
    "criteria": {
      "in_water": "2022-11-04 00:16:29 -0400"
    },
    "done": true
  },
  "minecraft:recipes/decorations/jukebox": {
    "criteria": {
      "has_diamond": "2022-11-12 22:09:22 -0500"
    },
    "done": true
  },
  "minecraft:recipes/building_blocks/lime_terracotta": {
    "criteria": {
      "has_terracotta": "2023-03-08 00:33:14 -0500"
    },
    "done": true
  },
  "minecraft:recipes/building_blocks/quartz_stairs_from_quartz_block_stonecutting": {
    "criteria": {
      "has_quartz_block": "2022-11-03 23:38:00 -0400"
    },
    "done": true
  },
  "minecraft:recipes/building_blocks/nether_bricks": {
    "criteria": {
      "has_netherbrick": "2022-11-10 17:21:31 -0500"
    },
    "done": true
  },
  "minecraft:recipes/building_blocks/smooth_quartz_slab_from_smooth_quartz_stonecutting": {
    "criteria": {
      "has_smooth_quartz": "2023-03-08 00:16:31 -0500"
    },
    "done": true
  },
  "owza_advancements:bravo_6_going_dark": {
    "criteria": {
      "wearNVG": "2022-11-10 16:57:36 -0500"
    },
    "done": true
  },
  "minecraft:recipes/food/cooked_rabbit_from_smoking": {
    "criteria": {
      "has_rabbit": "2023-01-26 02:13:42 -0500"
    },
    "done": true
  },
  "minecraft:recipes/transportation/detector_rail": {
    "criteria": {
      "has_rail": "2023-03-11 19:08:50 -0500"
    },
    "done": true
  },
  "owza_advancements:not_very_amusing": {
    "criteria": {
      "enterPark": "2022-11-03 22:47:32 -0400"
    },
    "done": true
  },
  "minecraft:recipes/building_blocks/polished_granite_from_granite_stonecutting": {
    "criteria": {
      "has_granite": "2023-03-08 00:35:29 -0500"
    },
    "done": true
  },
  "owza_advancements:target_acquired": {
    "criteria": {
      "spawnArmy": "2022-11-10 16:51:55 -0500"
    },
    "done": true
  },
  "minecraft:recipes/building_blocks/gray_terracotta": {
    "criteria": {
      "has_terracotta": "2023-03-08 00:33:14 -0500"
    },
    "done": true
  },
  "minecraft:recipes/building_blocks/light_gray_terracotta": {
    "criteria": {
      "has_terracotta": "2023-03-08 00:33:14 -0500"
    },
    "done": true
  },
  "minecraft:recipes/tools/wooden_hoe": {
    "criteria": {
      "has_stick": "2023-01-26 02:21:26 -0500"
    },
    "done": true
  },
  "owza_advancements:into_the_unknown": {
    "criteria": {
      "gasMask": "2022-11-10 16:57:36 -0500"
    },
    "done": true
  },
  "owza_advancements:a_savage_discovery": {
    "criteria": {
      "spawnMotelSavages": "2022-11-03 23:14:13 -0400"
    },
    "done": true
  },
  "owza_advancements:bang": {
    "criteria": {
      "explodeMine": "2022-11-10 16:57:36 -0500"
    },
    "done": true
  },
  "minecraft:recipes/building_blocks/deepslate_tiles_from_polished_deepslate_stonecutting": {
    "criteria": {
      "has_polished_deepslate": "2023-03-11 19:07:40 -0500"
    },
    "done": true
  },
  "minecraft:recipes/building_blocks/pink_terracotta": {
    "criteria": {
      "has_terracotta": "2023-03-08 00:33:14 -0500"
    },
    "done": true
  },
  "minecraft:recipes/building_blocks/polished_deepslate_slab_from_polished_deepslate_stonecutting": {
    "criteria": {
      "has_polished_deepslate": "2023-03-11 19:07:40 -0500"
    },
    "done": true
  },
  "minecraft:recipes/building_blocks/coarse_dirt": {
    "criteria": {
      "has_gravel": "2022-11-10 17:40:22 -0500"
    },
    "done": true
  },
  "minecraft:recipes/decorations/granite_wall": {
    "criteria": {
      "has_granite": "2023-03-08 00:35:29 -0500"
    },
    "done": true
  },
  "minecraft:recipes/building_blocks/deepslate_brick_slab_from_polished_deepslate_stonecutting": {
    "criteria": {
      "has_polished_deepslate": "2023-03-11 19:07:40 -0500"
    },
    "done": true
  },
  "minecraft:recipes/redstone/note_block": {
    "criteria": {
      "has_redstone": "2022-11-03 22:54:36 -0400"
    },
    "done": true
  },
  "owza_advancements:death_defying_dance": {
    "criteria": {
      "deathDefyingDance": "2022-11-10 16:57:36 -0500"
    },
    "done": true
  },
  "owza_advancements:no_time_to_waste": {
    "criteria": {
      "ruinsTimer": "2022-11-10 16:57:36 -0500"
    },
    "done": true
  },
  "minecraft:recipes/building_blocks/light_gray_concrete_powder": {
    "criteria": {
      "has_sand": "2022-11-03 22:54:36 -0400"
    },
    "done": true
  },
  "minecraft:recipes/building_blocks/light_blue_concrete_powder": {
    "criteria": {
      "has_sand": "2022-11-03 22:54:36 -0400"
    },
    "done": true
  },
  "owza_advancements:choo_choo_choo": {
    "criteria": {
      "runawaySubway": "2022-11-10 16:51:55 -0500"
    },
    "done": true
  },
  "minecraft:recipes/building_blocks/magenta_terracotta": {
    "criteria": {
      "has_terracotta": "2023-03-08 00:33:14 -0500"
    },
    "done": true
  },
  "owza_advancements:helicopter": {
    "criteria": {
      "helicopter": "2022-11-04 00:41:06 -0400"
    },
    "done": true
  },
  "minecraft:recipes/building_blocks/orange_terracotta": {
    "criteria": {
      "has_terracotta": "2023-03-08 00:33:14 -0500"
    },
    "done": true
  },
  "minecraft:recipes/building_blocks/glass": {
    "criteria": {
      "has_sand": "2022-11-03 22:54:36 -0400"
    },
    "done": true
  },
  "minecraft:recipes/building_blocks/pink_concrete_powder": {
    "criteria": {
      "has_sand": "2022-11-03 22:54:36 -0400"
    },
    "done": true
  },
  "minecraft:recipes/food/cooked_chicken_from_smoking": {
    "criteria": {
      "has_chicken": "2022-11-03 22:56:51 -0400"
    },
    "done": true
  },
  "minecraft:recipes/building_blocks/yellow_stained_glass": {
    "criteria": {
      "has_glass": "2023-03-08 00:17:49 -0500"
    },
    "done": true
  },
  "minecraft:recipes/building_blocks/purple_concrete_powder": {
    "criteria": {
      "has_sand": "2022-11-03 22:54:36 -0400"
    },
    "done": true
  },
  "owza_advancements:uh_oh": {
    "criteria": {
      "enterBackrooms": "2022-11-10 16:51:55 -0500"
    },
    "done": true
  },
  "minecraft:recipes/building_blocks/stone_stairs_from_stone_stonecutting": {
    "criteria": {
      "has_stone": "2022-11-03 22:54:36 -0400"
    },
    "done": true
  },
  "minecraft:recipes/building_blocks/brick_stairs": {
    "criteria": {
      "has_bricks": "2023-03-08 00:33:12 -0500"
    },
    "done": true
  },
  "minecraft:recipes/combat/diamond_chestplate": {
    "criteria": {
      "has_diamond": "2022-11-12 22:09:22 -0500"
    },
    "done": true
  },
  "owza_advancements:the_fallen_fob": {
    "criteria": {
      "enterFOB": "2022-11-10 16:57:36 -0500"
    },
    "done": true
  },
  "minecraft:recipes/redstone/target": {
    "criteria": {
      "has_redstone": "2022-11-03 22:54:36 -0400"
    },
    "done": true
  },
  "owza_advancements:forgotten_mansion": {
    "criteria": {
      "enterAmora": "2022-11-03 22:46:40 -0400"
    },
    "done": true
  },
  "minecraft:recipes/brewing/cauldron": {
    "criteria": {
      "has_water_bucket": "2023-03-08 00:03:39 -0500"
    },
    "done": true
  },
  "minecraft:recipes/combat/diamond_leggings": {
    "criteria": {
      "has_diamond": "2022-11-12 22:09:22 -0500"
    },
    "done": true
  },
  "minecraft:recipes/building_blocks/sandstone": {
    "criteria": {
      "has_sand": "2022-11-03 22:54:36 -0400"
    },
    "done": true
  },
  "minecraft:recipes/building_blocks/red_stained_glass": {
    "criteria": {
      "has_glass": "2023-03-08 00:17:49 -0500"
    },
    "done": true
  },
  "minecraft:recipes/food/cooked_rabbit_from_campfire_cooking": {
    "criteria": {
      "has_rabbit": "2023-01-26 02:13:42 -0500"
    },
    "done": true
  },
  "minecraft:recipes/tools/wooden_pickaxe": {
    "criteria": {
      "has_stick": "2023-01-26 02:21:26 -0500"
    },
    "done": true
  },
  "minecraft:story/lava_bucket": {
    "criteria": {
      "lava_bucket": "2023-03-08 00:23:18 -0500"
    },
    "done": true
  },
  "minecraft:recipes/building_blocks/deepslate_tile_stairs_from_polished_deepslate_stonecutting": {
    "criteria": {
      "has_polished_deepslate": "2023-03-11 19:07:40 -0500"
    },
    "done": true
  },
  "minecraft:recipes/redstone/redstone_torch": {
    "criteria": {
      "has_redstone": "2022-11-03 22:54:36 -0400"
    },
    "done": true
  },
  "minecraft:recipes/building_blocks/stone_brick_slab": {
    "criteria": {
      "has_stone_bricks": "2022-11-03 23:38:12 -0400"
    },
    "done": true
  },
  "minecraft:recipes/transportation/birch_boat": {
    "criteria": {
      "in_water": "2022-11-04 00:16:29 -0400"
    },
    "done": true
  },
  "minecraft:recipes/building_blocks/quartz_stairs": {
    "criteria": {
      "has_quartz_block": "2022-11-03 23:38:00 -0400"
    },
    "done": true
  },
  "owza_advancements:sv_cheats_1": {
    "criteria": {
      "bombVertigo": "2022-11-10 16:51:55 -0500"
    },
    "done": true
  },
  "minecraft:recipes/building_blocks/polished_granite_slab_from_granite_stonecutting": {
    "criteria": {
      "has_granite": "2023-03-08 00:35:29 -0500"
    },
    "done": true
  },
  "minecraft:recipes/building_blocks/green_concrete_powder": {
    "criteria": {
      "has_sand": "2022-11-03 22:54:36 -0400"
    },
    "done": true
  },
  "owza_advancements:gas_leak": {
    "criteria": {
      "gasStation": "2022-11-03 23:59:26 -0400"
    },
    "done": true
  },
  "minecraft:recipes/transportation/acacia_boat": {
    "criteria": {
      "in_water": "2022-11-04 00:16:29 -0400"
    },
    "done": true
  },
  "owza_advancements:moss_covered": {
    "criteria": {
      "reflectionPool": "2022-11-10 16:51:55 -0500"
    },
    "done": true
  },
  "owza_advancements:pyrotechnics_expert": {
    "criteria": {
      "flare": "2022-11-04 00:28:19 -0400"
    },
    "done": true
  },
  "minecraft:recipes/building_blocks/smooth_quartz_slab": {
    "criteria": {
      "has_smooth_quartz": "2023-03-08 00:16:31 -0500"
    },
    "done": true
  },
  "minecraft:recipes/building_blocks/orange_stained_glass": {
    "criteria": {
      "has_glass": "2023-03-08 00:17:49 -0500"
    },
    "done": true
  },
  "minecraft:adventure/root": {
    "criteria": {
      "killed_something": "2022-11-03 22:56:50 -0400"
    },
    "done": true
  },
  "owza_advancements:cheap_antiques": {
    "criteria": {
      "conStore": "2022-11-10 16:57:36 -0500"
    },
    "done": true
  },
  "owza_advancements:miller_farms": {
    "criteria": {
      "findWindmill": "2022-11-10 16:57:36 -0500"
    },
    "done": true
  },
  "minecraft:recipes/building_blocks/white_concrete_powder": {
    "criteria": {
      "has_sand": "2022-11-03 22:54:36 -0400"
    },
    "done": true
  },
  "minecraft:recipes/building_blocks/stone_brick_stairs_from_stone_stonecutting": {
    "criteria": {
      "has_stone": "2022-11-03 22:54:36 -0400"
    },
    "done": true
  },
  "minecraft:recipes/decorations/polished_deepslate_wall": {
    "criteria": {
      "has_polished_deepslate": "2023-03-11 19:07:40 -0500"
    },
    "done": true
  },
  "minecraft:recipes/tools/clock": {
    "criteria": {
      "has_redstone": "2022-11-03 22:54:36 -0400"
    },
    "done": true
  },
  "owza_advancements:city_of_the_gods": {
    "criteria": {
      "enterOlympus": "2022-11-03 23:35:44 -0400"
    },
    "done": true
  },
  "minecraft:recipes/tools/diamond_pickaxe": {
    "criteria": {
      "has_diamond": "2022-11-12 22:09:22 -0500"
    },
    "done": true
  },
  "minecraft:recipes/tools/diamond_hoe": {
    "criteria": {
      "has_diamond": "2022-11-12 22:09:22 -0500"
    },
    "done": true
  },
  "minecraft:recipes/transportation/activator_rail": {
    "criteria": {
      "has_rail": "2023-03-11 19:08:50 -0500"
    },
    "done": true
  },
  "minecraft:adventure/kill_all_mobs": {
    "criteria": {
      "minecraft:stray": "2022-11-03 23:42:22 -0400"
    },
    "done": false
  },
  "minecraft:recipes/tools/diamond_shovel": {
    "criteria": {
      "has_diamond": "2022-11-12 22:09:22 -0500"
    },
    "done": true
  },
  "minecraft:recipes/building_blocks/chiseled_quartz_block_from_quartz_block_stonecutting": {
    "criteria": {
      "has_quartz_block": "2022-11-03 23:38:00 -0400"
    },
    "done": true
  },
  "owza_advancements:we_call_that_ballin": {
    "criteria": {
      "basketballPlayer": "2022-11-10 16:57:36 -0500"
    },
    "done": true
  },
  "minecraft:recipes/redstone/redstone_block": {
    "criteria": {
      "has_redstone": "2022-11-03 22:54:36 -0400"
    },
    "done": true
  },
  "minecraft:recipes/building_blocks/granite_slab": {
    "criteria": {
      "has_granite": "2023-03-08 00:35:29 -0500"
    },
    "done": true
  },
  "owza_advancements:oceans_one": {
    "criteria": {
      "finishHeist": "2022-11-10 16:51:55 -0500"
    },
    "done": true
  },
  "minecraft:recipes/building_blocks/lime_stained_glass": {
    "criteria": {
      "has_glass": "2023-03-08 00:17:49 -0500"
    },
    "done": true
  },
  "minecraft:recipes/food/cooked_chicken_from_campfire_cooking": {
    "criteria": {
      "has_chicken": "2022-11-03 22:56:51 -0400"
    },
    "done": true
  },
  "owza_advancements:the_metro_tells": {
    "criteria": {
      "metroMessages": "2022-11-10 16:51:55 -0500"
    },
    "done": true
  },
  "minecraft:recipes/misc/iron_nugget_from_smelting": {
    "criteria": {
      "has_iron_sword": "2022-11-03 22:54:36 -0400"
    },
    "done": true
  },
  "minecraft:recipes/building_blocks/deepslate_bricks": {
    "criteria": {
      "has_polished_deepslate": "2023-03-11 19:07:40 -0500"
    },
    "done": true
  },
  "minecraft:recipes/building_blocks/quartz_pillar_from_quartz_block_stonecutting": {
    "criteria": {
      "has_quartz_block": "2022-11-03 23:38:00 -0400"
    },
    "done": true
  },
  "minecraft:recipes/decorations/glass_pane": {
    "criteria": {
      "has_glass": "2023-03-08 00:17:49 -0500"
    },
    "done": true
  },
  "minecraft:recipes/decorations/brick_wall_from_bricks_stonecutting": {
    "criteria": {
      "has_bricks": "2023-03-08 00:33:12 -0500"
    },
    "done": true
  },
  "minecraft:recipes/decorations/granite_wall_from_granite_stonecutting": {
    "criteria": {
      "has_granite": "2023-03-08 00:35:29 -0500"
    },
    "done": true
  },
  "minecraft:recipes/building_blocks/smooth_quartz": {
    "criteria": {
      "has_quartz_block": "2022-11-03 23:38:00 -0400"
    },
    "done": true
  },
  "minecraft:recipes/building_blocks/magenta_stained_glass": {
    "criteria": {
      "has_glass": "2023-03-08 00:17:49 -0500"
    },
    "done": true
  },
  "minecraft:story/mine_diamond": {
    "criteria": {
      "diamond": "2022-11-12 22:09:22 -0500"
    },
    "done": true
  },
  "minecraft:recipes/building_blocks/cyan_terracotta": {
    "criteria": {
      "has_terracotta": "2023-03-08 00:33:14 -0500"
    },
    "done": true
  },
  "owza_advancements:thats_a_turkey": {
    "criteria": {
      "bowlingStrikes": "2022-11-12 21:18:57 -0500"
    },
    "done": true
  },
  "minecraft:recipes/combat/diamond_helmet": {
    "criteria": {
      "has_diamond": "2022-11-12 22:09:22 -0500"
    },
    "done": true
  },
  "minecraft:recipes/building_blocks/polished_granite_stairs_from_granite_stonecutting": {
    "criteria": {
      "has_granite": "2023-03-08 00:35:29 -0500"
    },
    "done": true
  },
  "minecraft:recipes/transportation/oak_boat": {
    "criteria": {
      "in_water": "2022-11-04 00:16:29 -0400"
    },
    "done": true
  },
  "owza_advancements:friend_or_foe": {
    "criteria": {
      "spawnSapphireSoldiers": "2022-11-10 16:57:36 -0500"
    },
    "done": true
  },
  "owza_advancements:aced_it": {
    "criteria": {
      "aces": "2022-11-10 16:57:07 -0500"
    },
    "done": true
  },
  "minecraft:recipes/misc/gold_ingot_from_gold_block": {
    "criteria": {
      "has_gold_block": "2022-11-03 22:54:36 -0400"
    },
    "done": true
  },
  "minecraft:recipes/building_blocks/light_blue_stained_glass": {
    "criteria": {
      "has_glass": "2023-03-08 00:17:49 -0500"
    },
    "done": true
  },
  "minecraft:recipes/building_blocks/orange_concrete_powder": {
    "criteria": {
      "has_sand": "2022-11-03 22:54:36 -0400"
    },
    "done": true
  },
  "owza_advancements:blastoff": {
    "criteria": {
      "launchRocket": "2022-11-10 16:51:55 -0500"
    },
    "done": true
  },
  "minecraft:recipes/building_blocks/cyan_concrete_powder": {
    "criteria": {
      "has_sand": "2022-11-03 22:54:36 -0400"
    },
    "done": true
  },
  "minecraft:recipes/building_blocks/stone_brick_stairs": {
    "criteria": {
      "has_stone_bricks": "2022-11-03 23:38:12 -0400"
    },
    "done": true
  },
  "minecraft:recipes/tools/wooden_axe": {
    "criteria": {
      "has_stick": "2023-01-26 02:21:26 -0500"
    },
    "done": true
  },
  "minecraft:recipes/decorations/deepslate_tile_wall_from_polished_deepslate_stonecutting": {
    "criteria": {
      "has_polished_deepslate": "2023-03-11 19:07:40 -0500"
    },
    "done": true
  },
  "minecraft:recipes/building_blocks/granite_stairs": {
    "criteria": {
      "has_granite": "2023-03-08 00:35:29 -0500"
    },
    "done": true
  },
  "owza_advancements:were_rich": {
    "criteria": {
      "robBank": "2022-11-10 16:44:24 -0500"
    },
    "done": true
  },
  "minecraft:recipes/decorations/cyan_glazed_terracotta": {
    "criteria": {
      "has_cyan_terracotta": "2022-11-10 17:40:07 -0500"
    },
    "done": true
  },
  "owza_advancements:a_new_home": {
    "criteria": {
      "hiddenHouse": "2022-11-03 22:49:10 -0400"
    },
    "done": true
  },
  "minecraft:recipes/building_blocks/stone_bricks_from_stone_stonecutting": {
    "criteria": {
      "has_stone": "2022-11-03 22:54:36 -0400"
    },
    "done": true
  },
  "minecraft:recipes/decorations/polished_deepslate_wall_from_polished_deepslate_stonecutting": {
    "criteria": {
      "has_polished_deepslate": "2023-03-11 19:07:40 -0500"
    },
    "done": true
  },
  "minecraft:recipes/building_blocks/deepslate_brick_stairs_from_polished_deepslate_stonecutting": {
    "criteria": {
      "has_polished_deepslate": "2023-03-11 19:07:40 -0500"
    },
    "done": true
  },
  "minecraft:recipes/tools/diamond_axe": {
    "criteria": {
      "has_diamond": "2022-11-12 22:09:22 -0500"
    },
    "done": true
  },
  "owza_advancements:not_again": {
    "criteria": {
      "notAgain": "2022-11-03 23:21:17 -0400"
    },
    "done": true
  },
  "minecraft:recipes/brewing/glass_bottle": {
    "criteria": {
      "has_glass": "2023-03-08 00:17:49 -0500"
    },
    "done": true
  },
  "owza_advancements:milestones": {
    "criteria": {
      "automatic": "2022-11-03 22:49:33 -0400"
    },
    "done": true
  },
  "minecraft:recipes/building_blocks/quartz_slab": {
    "criteria": {
      "has_quartz_block": "2022-11-03 23:38:00 -0400"
    },
    "done": true
  },
  "minecraft:recipes/building_blocks/white_stained_glass": {
    "criteria": {
      "has_glass": "2023-03-08 00:17:49 -0500"
    },
    "done": true
  },
  "owza_advancements:endgame": {
    "criteria": {
      "wearExosuit": "2022-11-10 16:57:36 -0500"
    },
    "done": true
  },
  "minecraft:recipes/misc/red_dye_from_poppy": {
    "criteria": {
      "has_poppy": "2022-11-12 22:01:54 -0500"
    },
    "done": true
  },
  "minecraft:recipes/building_blocks/red_terracotta": {
    "criteria": {
      "has_terracotta": "2023-03-08 00:33:14 -0500"
    },
    "done": true
  },
  "minecraft:recipes/building_blocks/stone_slab": {
    "criteria": {
      "has_stone": "2022-11-03 22:54:36 -0400"
    },
    "done": true
  },
  "minecraft:recipes/combat/arrow": {
    "criteria": {
      "has_feather": "2022-11-03 22:56:50 -0400"
    },
    "done": true
  },
  "owza_advancements:shady_deals": {
    "criteria": {
      "flare": "2022-11-10 16:57:36 -0500"
    },
    "done": true
  },
  "minecraft:recipes/building_blocks/green_stained_glass": {
    "criteria": {
      "has_glass": "2023-03-08 00:17:49 -0500"
    },
    "done": true
  },
  "minecraft:recipes/combat/wooden_sword": {
    "criteria": {
      "has_stick": "2023-01-26 02:21:26 -0500"
    },
    "done": true
  },
  "minecraft:recipes/building_blocks/blue_concrete_powder": {
    "criteria": {
      "has_sand": "2022-11-03 22:54:36 -0400"
    },
    "done": true
  },
  "minecraft:recipes/building_blocks/gray_concrete_powder": {
    "criteria": {
      "has_sand": "2022-11-03 22:54:36 -0400"
    },
    "done": true
  },
  "owza_advancements:infestation": {
    "criteria": {
      "infestation": "2022-11-04 00:11:25 -0400"
    },
    "done": true
  },
  "minecraft:recipes/building_blocks/cyan_stained_glass": {
    "criteria": {
      "has_glass": "2023-03-08 00:17:49 -0500"
    },
    "done": true
  },
  "minecraft:recipes/building_blocks/green_terracotta": {
    "criteria": {
      "has_terracotta": "2023-03-08 00:33:14 -0500"
    },
    "done": true
  },
  "minecraft:recipes/building_blocks/granite_slab_from_granite_stonecutting": {
    "criteria": {
      "has_granite": "2023-03-08 00:35:29 -0500"
    },
    "done": true
  },
  "minecraft:recipes/building_blocks/polished_deepslate_stairs_from_polished_deepslate_stonecutting": {
    "criteria": {
      "has_polished_deepslate": "2023-03-11 19:07:40 -0500"
    },
    "done": true
  },
  "minecraft:recipes/building_blocks/brown_terracotta": {
    "criteria": {
      "has_terracotta": "2023-03-08 00:33:14 -0500"
    },
    "done": true
  },
  "owza_advancements:set_for_success": {
    "criteria": {
      "diamonds": "2022-11-10 16:57:36 -0500"
    },
    "done": true
  },
  "minecraft:recipes/building_blocks/deepslate_bricks_from_polished_deepslate_stonecutting": {
    "criteria": {
      "has_polished_deepslate": "2023-03-11 19:07:40 -0500"
    },
    "done": true
  },
  "minecraft:recipes/building_blocks/quartz_slab_from_stonecutting": {
    "criteria": {
      "has_quartz_block": "2022-11-03 23:38:00 -0400"
    },
    "done": true
  },
  "minecraft:recipes/building_blocks/chiseled_quartz_block": {
    "criteria": {
      "has_quartz_block": "2022-11-03 23:38:00 -0400"
    },
    "done": true
  },
  "owza_advancements:open_the_gate": {
    "criteria": {
      "raiseGate": "2022-11-10 16:57:36 -0500"
    },
    "done": true
  },
  "owza_advancements:the_cursed_blade": {
    "criteria": {
      "cursedBlade": "2022-11-10 16:57:36 -0500"
    },
    "done": true
  },
  "owza_advancements:test_subject": {
    "criteria": {
      "testSubject": "2022-11-03 23:39:48 -0400"
    },
    "done": true
  },
  "minecraft:recipes/building_blocks/black_concrete_powder": {
    "criteria": {
      "has_sand": "2022-11-03 22:54:36 -0400"
    },
    "done": true
  },
  "owza_advancements:custom_brewery": {
    "criteria": {
      "useBrewery": "2022-11-10 16:57:36 -0500"
    },
    "done": true
  },
  "minecraft:recipes/building_blocks/polished_deepslate_stairs": {
    "criteria": {
      "has_polished_deepslate": "2023-03-11 19:07:40 -0500"
    },
    "done": true
  },
  "minecraft:recipes/building_blocks/brick_slab_from_bricks_stonecutting": {
    "criteria": {
      "has_bricks": "2023-03-08 00:33:12 -0500"
    },
    "done": true
  },
  "minecraft:recipes/building_blocks/black_terracotta": {
    "criteria": {
      "has_terracotta": "2023-03-08 00:33:14 -0500"
    },
    "done": true
  },
  "owza_advancements:meet_your_maker": {
    "criteria": {
      "findBob": "2022-11-10 16:57:36 -0500"
    },
    "done": true
  },
  "owza_advancements:its_gonna_blow": {
    "criteria": {
      "cargoShip": "2022-11-04 00:16:29 -0400"
    },
    "done": true
  },
  "minecraft:recipes/building_blocks/smooth_quartz_stairs": {
    "criteria": {
      "has_smooth_quartz": "2023-03-08 00:16:31 -0500"
    },
    "done": true
  },
  "minecraft:recipes/redstone/stone_button": {
    "criteria": {
      "has_stone": "2022-11-03 22:54:36 -0400"
    },
    "done": true
  },
  "minecraft:recipes/redstone/dropper": {
    "criteria": {
      "has_redstone": "2022-11-03 22:54:36 -0400"
    },
    "done": true
  },
  "minecraft:recipes/combat/crossbow": {
    "criteria": {
      "has_stick": "2023-01-26 02:21:26 -0500"
    },
    "done": true
  },
  "owza_advancements:room_service": {
    "criteria": {
      "ashtonGenerators": "2022-11-10 16:57:36 -0500"
    },
    "done": true
  },
  "minecraft:recipes/building_blocks/granite_stairs_from_granite_stonecutting": {
    "criteria": {
      "has_granite": "2023-03-08 00:35:29 -0500"
    },
    "done": true
  },
  "owza_advancements:forgotten_by_time": {
    "criteria": {
      "findRuins": "2022-11-10 16:57:36 -0500"
    },
    "done": true
  },
  "owza_advancements:batter_up": {
    "criteria": {
      "batterUp": "2022-11-10 16:51:55 -0500"
    },
    "done": true
  },
  "minecraft:recipes/food/cooked_rabbit": {
    "criteria": {
      "has_rabbit": "2023-01-26 02:13:42 -0500"
    },
    "done": true
  },
  "owza_advancements:one_with_the_horde": {
    "criteria": {
      "nineLives": "2022-11-03 23:21:55 -0400"
    },
    "done": true
  },
  "minecraft:recipes/building_blocks/red_concrete_powder": {
    "criteria": {
      "has_sand": "2022-11-03 22:54:36 -0400"
    },
    "done": true
  },
  "minecraft:recipes/misc/iron_nugget_from_blasting": {
    "criteria": {
      "has_iron_sword": "2022-11-03 22:54:36 -0400"
    },
    "done": true
  },
  "owza_advancements:subway_surfer": {
    "criteria": {
      "subwaySurfer": "2022-11-03 23:31:48 -0400"
    },
    "done": true
  },
  "minecraft:recipes/tools/compass": {
    "criteria": {
      "has_redstone": "2022-11-03 22:54:36 -0400"
    },
    "done": true
  },
  "minecraft:adventure/kill_a_mob": {
    "criteria": {
      "minecraft:stray": "2022-11-03 23:42:22 -0400"
    },
    "done": true
  },
  "minecraft:recipes/decorations/black_glazed_terracotta": {
    "criteria": {
      "has_black_terracotta": "2022-11-10 17:40:12 -0500"
    },
    "done": true
  },
  "owza_advancements:raiding_the_raiders": {
    "criteria": {
      "spawnRubyRaiders": "2022-11-10 16:57:36 -0500"
    },
    "done": true
  },
  "minecraft:recipes/building_blocks/blue_terracotta": {
    "criteria": {
      "has_terracotta": "2023-03-08 00:33:14 -0500"
    },
    "done": true
  },
  "owza_advancements:dehydrated": {
    "criteria": {
      "dieThirst": "2022-11-10 16:57:36 -0500"
    },
    "done": true
  },
  "owza_advancements:cheater": {
    "criteria": {
      "cheater": "2022-11-03 22:42:27 -0400"
    },
    "done": true
  },
  "minecraft:recipes/decorations/stonecutter": {
    "criteria": {
      "has_stone": "2022-11-03 22:54:36 -0400"
    },
    "done": true
  },
  "minecraft:recipes/building_blocks/light_blue_terracotta": {
    "criteria": {
      "has_terracotta": "2023-03-08 00:33:14 -0500"
    },
    "done": true
  },
  "minecraft:recipes/building_blocks/smooth_quartz_stairs_from_smooth_quartz_stonecutting": {
    "criteria": {
      "has_smooth_quartz": "2023-03-08 00:16:31 -0500"
    },
    "done": true
  },
  "minecraft:adventure/adventuring_time": {
    "criteria": {
      "minecraft:old_growth_pine_taiga": "2023-01-25 00:15:52 -0500",
      "minecraft:taiga": "2023-01-25 00:15:59 -0500",
      "minecraft:birch_forest": "2023-01-25 00:14:10 -0500",
      "minecraft:bamboo_jungle": "2022-11-03 22:46:41 -0400",
      "minecraft:badlands": "2022-11-03 22:46:27 -0400",
      "minecraft:beach": "2022-11-03 22:45:02 -0400",
      "minecraft:dark_forest": "2022-11-03 23:23:02 -0400",
      "minecraft:river": "2022-11-07 17:46:23 -0500",
      "minecraft:snowy_plains": "2023-01-26 02:28:04 -0500",
      "minecraft:swamp": "2022-11-03 22:49:26 -0400",
      "minecraft:cold_ocean": "2022-11-03 22:48:18 -0400",
      "minecraft:forest": "2023-01-25 00:13:59 -0500",
      "minecraft:desert": "2022-11-04 00:22:29 -0400",
      "minecraft:jungle": "2022-11-03 22:47:32 -0400",
      "minecraft:old_growth_birch_forest": "2023-03-07 23:58:24 -0500",
      "minecraft:plains": "2022-11-03 22:46:24 -0400"
    },
    "done": false
  },
  "owza_advancements:tunnel_collapse": {
    "criteria": {
      "tunnelCollapse": "2022-11-10 16:57:36 -0500"
    },
    "done": true
  },
  "minecraft:recipes/decorations/composter": {
    "criteria": {
      "has_wood_slab": "2023-03-08 00:13:17 -0500"
    },
    "done": true
  },
  "owza_advancements:lucky_day": {
    "criteria": {
      "luckyTuxedo": "2022-11-10 16:57:36 -0500"
    },
    "done": true
  },
  "owza_advancements:ruined_city": {
    "criteria": {
      "enterAtlas": "2022-11-03 22:46:26 -0400"
    },
    "done": true
  },
  "owza_advancements:the_deserted_city": {
    "criteria": {
      "enterLosEchos": "2022-11-10 16:48:56 -0500"
    },
    "done": true
  },
  "owza_advancements:welcome_to_the_future": {
    "criteria": {
      "visitFuture": "2022-11-10 16:57:36 -0500"
    },
    "done": true
  },
  "owza_advancements:hotel_madness": {
    "criteria": {
      "tilkshireZombies": "2022-11-10 16:51:55 -0500"
    },
    "done": true
  },
  "minecraft:recipes/decorations/barrel": {
    "criteria": {
      "has_wood_slab": "2023-03-08 00:13:17 -0500"
    },
    "done": true
  },
  "minecraft:recipes/transportation/powered_rail": {
    "criteria": {
      "has_rail": "2023-03-11 19:08:50 -0500"
    },
    "done": true
  },
  "owza_advancements:getting_started": {
    "criteria": {
      "gettingStarted": "2022-11-03 23:20:58 -0400"
    },
    "done": true
  },
  "minecraft:recipes/building_blocks/polished_deepslate_slab": {
    "criteria": {
      "has_polished_deepslate": "2023-03-11 19:07:40 -0500"
    },
    "done": true
  },
  "owza_advancements:dont_miss_your_flight": {
    "criteria": {
      "enterTerminal": "2022-11-10 16:57:36 -0500"
    },
    "done": true
  },
  "minecraft:recipes/building_blocks/quartz_bricks": {
    "criteria": {
      "has_quartz_block": "2022-11-03 23:38:00 -0400"
    },
    "done": true
  },
  "minecraft:recipes/redstone/stone_pressure_plate": {
    "criteria": {
      "has_stone": "2022-11-03 22:54:36 -0400"
    },
    "done": true
  },
  "minecraft:recipes/building_blocks/brown_stained_glass": {
    "criteria": {
      "has_glass": "2023-03-08 00:17:49 -0500"
    },
    "done": true
  },
  "minecraft:recipes/transportation/jungle_boat": {
    "criteria": {
      "in_water": "2022-11-04 00:16:29 -0400"
    },
    "done": true
  },
  "owza_advancements:giant_down": {
    "criteria": {
      "killHavoc": "2022-11-10 16:57:36 -0500"
    },
    "done": true
  },
  "owza_advancements:choo_choo": {
    "criteria": {
      "rideSubway": "2022-11-03 23:30:44 -0400"
    },
    "done": true
  },
  "minecraft:recipes/misc/black_dye": {
    "criteria": {
      "has_ink_sac": "2022-11-03 22:54:36 -0400"
    },
    "done": true
  },
  "minecraft:recipes/decorations/stone_brick_walls_from_stone_stonecutting": {
    "criteria": {
      "has_stone": "2022-11-03 22:54:36 -0400"
    },
    "done": true
  },
  "owza_advancements:root": {
    "criteria": {
      "startMap": "2022-11-03 22:42:12 -0400"
    },
    "done": true
  },
  "owza_advancements:finally_water": {
    "criteria": {
      "findOasis": "2022-11-10 16:51:55 -0500"
    },
    "done": true
  },
  "minecraft:recipes/building_blocks/light_gray_stained_glass": {
    "criteria": {
      "has_glass": "2023-03-08 00:17:49 -0500"
    },
    "done": true
  },
  "owza_advancements:family_inheritance": {
    "criteria": {
      "amoraTrident": "2022-11-03 23:57:54 -0400"
    },
    "done": true
  },
  "owza_advancements:the_central_house": {
    "criteria": {
      "enterCityHall": "2022-11-10 16:51:55 -0500"
    },
    "done": true
  },
  "minecraft:recipes/building_blocks/diamond_block": {
    "criteria": {
      "has_diamond": "2022-11-12 22:09:22 -0500"
    },
    "done": true
  },
  "minecraft:recipes/decorations/glow_item_frame": {
    "criteria": {
      "has_item_frame": "2022-11-03 22:54:36 -0400"
    },
    "done": true
  },
  "minecraft:recipes/transportation/dark_oak_boat": {
    "criteria": {
      "in_water": "2022-11-04 00:16:29 -0400"
    },
    "done": true
  },
  "minecraft:recipes/building_blocks/quartz_bricks_from_quartz_block_stonecutting": {
    "criteria": {
      "has_quartz_block": "2022-11-03 23:38:00 -0400"
    },
    "done": true
  },
  "owza_advancements:big_leagues": {
    "criteria": {
      "bigLeagues": "2022-11-10 16:57:36 -0500"
    },
    "done": true
  },
  "minecraft:recipes/building_blocks/brick_slab": {
    "criteria": {
      "has_bricks": "2023-03-08 00:33:12 -0500"
    },
    "done": true
  },
  "minecraft:recipes/building_blocks/polished_granite": {
    "criteria": {
      "has_granite": "2023-03-08 00:35:29 -0500"
    },
    "done": true
  },
  "minecraft:recipes/redstone/piston": {
    "criteria": {
      "has_redstone": "2022-11-03 22:54:36 -0400"
    },
    "done": true
  },
  "owza_advancements:never_again": {
    "criteria": {
      "ruinsBuff": "2022-11-10 16:57:36 -0500"
    },
    "done": true
  },
  "minecraft:recipes/building_blocks/stone_stairs": {
    "criteria": {
      "has_stone": "2022-11-03 22:54:36 -0400"
    },
    "done": true
  },
  "minecraft:nether/explore_nether": {
    "criteria": {
      "minecraft:basalt_deltas": "2023-03-08 01:08:00 -0500"
    },
    "done": false
  },
  "owza_advancements:forged_in_fire": {
    "criteria": {
      "ruinsRecipes": "2022-11-10 16:57:36 -0500"
    },
    "done": true
  },
  "owza_advancements:swamped_town": {
    "criteria": {
      "enterTerraville": "2022-11-03 22:49:29 -0400"
    },
    "done": true
  },
  "minecraft:recipes/misc/diamond": {
    "criteria": {
      "has_diamond_block": "2022-11-03 22:54:36 -0400"
    },
    "done": true
  },
  "owza_advancements:hardcore_player": {
    "criteria": {
      "hardcoreSettings": "2022-11-10 16:57:36 -0500"
    },
    "done": true
  },
  "minecraft:recipes/combat/diamond_boots": {
    "criteria": {
      "has_diamond": "2022-11-12 22:09:22 -0500"
    },
    "done": true
  },
  "owza_advancements:a_key_accomplishment": {
    "criteria": {
      "keyShop": "2022-11-03 22:48:27 -0400"
    },
    "done": true
  },
  "minecraft:recipes/food/cooked_chicken": {
    "criteria": {
      "has_chicken": "2022-11-03 22:56:51 -0400"
    },
    "done": true
  },
  "owza_advancements:accidents_happen": {
    "criteria": {
      "accidentsHappen": "2022-11-03 23:20:58 -0400"
    },
    "done": true
  },
  "minecraft:recipes/decorations/soul_campfire": {
    "criteria": {
      "has_stick": "2023-01-26 02:21:26 -0500"
    },
    "done": true
  },
  "minecraft:recipes/building_blocks/white_terracotta": {
    "criteria": {
      "has_terracotta": "2023-03-08 00:33:14 -0500"
    },
    "done": true
  },
  "owza_advancements:ultraviolet_vision": {
    "criteria": {
      "thermals": "2022-11-10 16:57:36 -0500"
    },
    "done": true
  },
  "owza_advancements:begin_map": {
    "criteria": {
      "leaveHouse": "2022-11-10 16:57:36 -0500"
    },
    "done": true
  },
  "minecraft:recipes/building_blocks/pink_stained_glass": {
    "criteria": {
      "has_glass": "2023-03-08 00:17:49 -0500"
    },
    "done": true
  },
  "owza_advancements:time_for_a_hike": {
    "criteria": {
      "enterFairhill": "2022-11-10 16:57:36 -0500"
    },
    "done": true
  },
  "owza_advancements:doomsday": {
    "criteria": {
      "doomsday": "2022-11-10 16:57:36 -0500"
    },
    "done": true
  },
  "DataVersion": 2975
}